-- Seed data for local development
-- Example user
insert into public.profiles (id, display_name)
values ('00000000-0000-0000-0000-000000000000','Seed User')
on conflict do nothing;

-- Example organization and membership
insert into public.organizations (id, name)
values ('11111111-1111-1111-1111-111111111111','Example Org')
on conflict do nothing;

insert into public.memberships (id, org_id, user_id, role)
values ('22222222-2222-2222-2222-222222222222','11111111-1111-1111-1111-111111111111','00000000-0000-0000-0000-000000000000','owner')
on conflict do nothing;

-- Contacts
insert into public.contacts (id, org_id, first_name, email) values
 ('33333333-3333-3333-3333-333333333331','11111111-1111-1111-1111-111111111111','Alice','alice@example.com'),
 ('33333333-3333-3333-3333-333333333332','11111111-1111-1111-1111-111111111111','Bob','bob@example.com'),
 ('33333333-3333-3333-3333-333333333333','11111111-1111-1111-1111-111111111111','Carol','carol@example.com'),
 ('33333333-3333-3333-3333-333333333334','11111111-1111-1111-1111-111111111111','Dave','dave@example.com'),
 ('33333333-3333-3333-3333-333333333335','11111111-1111-1111-1111-111111111111','Eve','eve@example.com')
on conflict do nothing;

-- Segments
insert into public.segments (id, org_id, name) values
 ('44444444-4444-4444-4444-444444444441','11111111-1111-1111-1111-111111111111','All Contacts'),
 ('44444444-4444-4444-4444-444444444442','11111111-1111-1111-1111-111111111111','VIPs')
on conflict do nothing;

-- Segment members
insert into public.segment_members (segment_id, contact_id, org_id) values
 ('44444444-4444-4444-4444-444444444441','33333333-3333-3333-3333-333333333331','11111111-1111-1111-1111-111111111111'),
 ('44444444-4444-4444-4444-444444444441','33333333-3333-3333-3333-333333333332','11111111-1111-1111-1111-111111111111'),
 ('44444444-4444-4444-4444-444444444441','33333333-3333-3333-3333-333333333333','11111111-1111-1111-1111-111111111111'),
 ('44444444-4444-4444-4444-444444444441','33333333-3333-3333-3333-333333333334','11111111-1111-1111-1111-111111111111'),
 ('44444444-4444-4444-4444-444444444441','33333333-3333-3333-3333-333333333335','11111111-1111-1111-1111-111111111111'),
 ('44444444-4444-4444-4444-444444444442','33333333-3333-3333-3333-333333333331','11111111-1111-1111-1111-111111111111')
on conflict do nothing;

-- Campaign
insert into public.campaigns (id, org_id, name, status)
values ('55555555-5555-5555-5555-555555555555','11111111-1111-1111-1111-111111111111','Welcome','scheduled')
on conflict do nothing;

-- Sequence
insert into public.sequences (id, org_id, name)
values ('66666666-6666-6666-6666-666666666666','11111111-1111-1111-1111-111111111111','Sample Sequence')
on conflict do nothing;

-- Asset metadata
insert into public.assets (id, org_id, path)
values ('77777777-7777-7777-7777-777777777777','11111111-1111-1111-1111-111111111111','11111111-1111-1111-1111-111111111111/2025/02/example.png')
on conflict do nothing;
